-- MySQL dump 10.13  Distrib 8.0.36, for Win64 (x86_64)
--
-- Host: localhost    Database: assignment1
-- ------------------------------------------------------
-- Server version	8.0.36

/*!40101 SET @OLD_CHARACTER_SET_CLIENT=@@CHARACTER_SET_CLIENT */;
/*!40101 SET @OLD_CHARACTER_SET_RESULTS=@@CHARACTER_SET_RESULTS */;
/*!40101 SET @OLD_COLLATION_CONNECTION=@@COLLATION_CONNECTION */;
/*!50503 SET NAMES utf8 */;
/*!40103 SET @OLD_TIME_ZONE=@@TIME_ZONE */;
/*!40103 SET TIME_ZONE='+00:00' */;
/*!40014 SET @OLD_UNIQUE_CHECKS=@@UNIQUE_CHECKS, UNIQUE_CHECKS=0 */;
/*!40014 SET @OLD_FOREIGN_KEY_CHECKS=@@FOREIGN_KEY_CHECKS, FOREIGN_KEY_CHECKS=0 */;
/*!40101 SET @OLD_SQL_MODE=@@SQL_MODE, SQL_MODE='NO_AUTO_VALUE_ON_ZERO' */;
/*!40111 SET @OLD_SQL_NOTES=@@SQL_NOTES, SQL_NOTES=0 */;

--
-- Table structure for table `answers`
--

DROP TABLE IF EXISTS `answers`;
/*!40101 SET @saved_cs_client     = @@character_set_client */;
/*!50503 SET character_set_client = utf8mb4 */;
CREATE TABLE `answers` (
  `answer_id` int NOT NULL AUTO_INCREMENT,
  `question_id` int NOT NULL,
  `user_id` int NOT NULL,
  `answer_text` varchar(200) NOT NULL,
  `image_url` varchar(200) DEFAULT NULL,
  `creation_date` timestamp NULL DEFAULT CURRENT_TIMESTAMP,
  PRIMARY KEY (`answer_id`),
  KEY `question_id` (`question_id`),
  KEY `user_id` (`user_id`),
  CONSTRAINT `answers_ibfk_1` FOREIGN KEY (`question_id`) REFERENCES `questions` (`question_id`),
  CONSTRAINT `answers_ibfk_2` FOREIGN KEY (`user_id`) REFERENCES `users` (`user_id`)
) ENGINE=InnoDB AUTO_INCREMENT=3 DEFAULT CHARSET=utf8mb4 COLLATE=utf8mb4_0900_ai_ci;
/*!40101 SET character_set_client = @saved_cs_client */;

--
-- Dumping data for table `answers`
--

LOCK TABLES `answers` WRITE;
/*!40000 ALTER TABLE `answers` DISABLE KEYS */;
INSERT INTO `answers` VALUES (1,9,2,'yes, you are!!!',NULL,'2024-03-31 18:06:10'),(2,9,1,'no, you are based!',NULL,'2024-03-31 18:06:42');
/*!40000 ALTER TABLE `answers` ENABLE KEYS */;
UNLOCK TABLES;

--
-- Table structure for table `question_tags`
--

DROP TABLE IF EXISTS `question_tags`;
/*!40101 SET @saved_cs_client     = @@character_set_client */;
/*!50503 SET character_set_client = utf8mb4 */;
CREATE TABLE `question_tags` (
  `question_tag_id` int NOT NULL AUTO_INCREMENT,
  `question_id` int NOT NULL,
  `tag_id` int NOT NULL,
  PRIMARY KEY (`question_tag_id`),
  KEY `question_id` (`question_id`),
  KEY `tag_id` (`tag_id`),
  CONSTRAINT `question_tags_ibfk_1` FOREIGN KEY (`question_id`) REFERENCES `questions` (`question_id`),
  CONSTRAINT `question_tags_ibfk_2` FOREIGN KEY (`tag_id`) REFERENCES `tags` (`tag_id`)
) ENGINE=InnoDB AUTO_INCREMENT=13 DEFAULT CHARSET=utf8mb4 COLLATE=utf8mb4_0900_ai_ci;
/*!40101 SET character_set_client = @saved_cs_client */;

--
-- Dumping data for table `question_tags`
--

LOCK TABLES `question_tags` WRITE;
/*!40000 ALTER TABLE `question_tags` DISABLE KEYS */;
INSERT INTO `question_tags` VALUES (1,5,4),(2,5,5),(3,5,6),(4,6,5),(5,6,2),(6,7,4),(7,7,5),(8,7,6),(10,9,7),(11,10,7),(12,11,7);
/*!40000 ALTER TABLE `question_tags` ENABLE KEYS */;
UNLOCK TABLES;

--
-- Table structure for table `questions`
--

DROP TABLE IF EXISTS `questions`;
/*!40101 SET @saved_cs_client     = @@character_set_client */;
/*!50503 SET character_set_client = utf8mb4 */;
CREATE TABLE `questions` (
  `question_id` int NOT NULL AUTO_INCREMENT,
  `user_id` int NOT NULL,
  `question_title` varchar(45) NOT NULL,
  `question_text` varchar(255) DEFAULT NULL,
  `question_date` timestamp NULL DEFAULT CURRENT_TIMESTAMP,
  `image_url` varchar(200) DEFAULT NULL,
  PRIMARY KEY (`question_id`),
  KEY `user_id` (`user_id`),
  CONSTRAINT `questions_ibfk_1` FOREIGN KEY (`user_id`) REFERENCES `users` (`user_id`)
) ENGINE=InnoDB AUTO_INCREMENT=12 DEFAULT CHARSET=utf8mb4 COLLATE=utf8mb4_0900_ai_ci;
/*!40101 SET character_set_client = @saved_cs_client */;

--
-- Dumping data for table `questions`
--

LOCK TABLES `questions` WRITE;
/*!40000 ALTER TABLE `questions` DISABLE KEYS */;
INSERT INTO `questions` VALUES (5,1,'Example Title','Example Text','2024-03-24 18:55:44','https://example.com/image.png'),(6,2,'Example Title2','Example Text2','2024-03-24 18:56:53','https://example.com/image.png'),(7,1,'AITA','AITA for Text','2024-03-31 15:06:34','https://reddit.com/image.png'),(9,2,'AITA3','AITA for asdadfsc','2024-03-31 17:51:42','https://reddit.com/image.png'),(10,2,'AITA4','AITA for asdxcsadaw','2024-04-02 20:05:19','https://reddit.com/chestie.png'),(11,2,'AITA4','AITA for not finishing my assignment','2024-04-02 20:06:09','https://reddit.com/chestie.png');
/*!40000 ALTER TABLE `questions` ENABLE KEYS */;
UNLOCK TABLES;

--
-- Table structure for table `tags`
--

DROP TABLE IF EXISTS `tags`;
/*!40101 SET @saved_cs_client     = @@character_set_client */;
/*!50503 SET character_set_client = utf8mb4 */;
CREATE TABLE `tags` (
  `tag_id` int NOT NULL AUTO_INCREMENT,
  `tag_name` varchar(45) NOT NULL,
  PRIMARY KEY (`tag_id`)
) ENGINE=InnoDB AUTO_INCREMENT=8 DEFAULT CHARSET=utf8mb4 COLLATE=utf8mb4_0900_ai_ci;
/*!40101 SET character_set_client = @saved_cs_client */;

--
-- Dumping data for table `tags`
--

LOCK TABLES `tags` WRITE;
/*!40000 ALTER TABLE `tags` DISABLE KEYS */;
INSERT INTO `tags` VALUES (1,'test'),(2,'java'),(3,'life'),(4,'tag1'),(5,'tag2'),(6,'tag3'),(7,'AITA');
/*!40000 ALTER TABLE `tags` ENABLE KEYS */;
UNLOCK TABLES;

--
-- Table structure for table `users`
--

DROP TABLE IF EXISTS `users`;
/*!40101 SET @saved_cs_client     = @@character_set_client */;
/*!50503 SET character_set_client = utf8mb4 */;
CREATE TABLE `users` (
  `user_id` int NOT NULL AUTO_INCREMENT,
  `user_name` varchar(45) NOT NULL,
  `user_password` varchar(45) NOT NULL,
  PRIMARY KEY (`user_id`)
) ENGINE=InnoDB AUTO_INCREMENT=6 DEFAULT CHARSET=utf8mb4 COLLATE=utf8mb4_0900_ai_ci;
/*!40101 SET character_set_client = @saved_cs_client */;

--
-- Dumping data for table `users`
--

LOCK TABLES `users` WRITE;
/*!40000 ALTER TABLE `users` DISABLE KEYS */;
INSERT INTO `users` VALUES (1,'petrica','petre'),(2,'marcel','mercenar'),(3,'maria','maria123'),(4,'test','12345');
/*!40000 ALTER TABLE `users` ENABLE KEYS */;
UNLOCK TABLES;
/*!40103 SET TIME_ZONE=@OLD_TIME_ZONE */;

/*!40101 SET SQL_MODE=@OLD_SQL_MODE */;
/*!40014 SET FOREIGN_KEY_CHECKS=@OLD_FOREIGN_KEY_CHECKS */;
/*!40014 SET UNIQUE_CHECKS=@OLD_UNIQUE_CHECKS */;
/*!40101 SET CHARACTER_SET_CLIENT=@OLD_CHARACTER_SET_CLIENT */;
/*!40101 SET CHARACTER_SET_RESULTS=@OLD_CHARACTER_SET_RESULTS */;
/*!40101 SET COLLATION_CONNECTION=@OLD_COLLATION_CONNECTION */;
/*!40111 SET SQL_NOTES=@OLD_SQL_NOTES */;

-- Dump completed on 2024-04-02 23:18:45
